<beans xmlns="http://www.springframework.org/schema/beans"
	xmlns:xsi="http://www.w3.org/2001/XMLSchema-instance"
	xmlns:context="http://www.springframework.org/schema/context"
	xsi:schemaLocation="http://www.springframework.org/schema/beans
	http://www.springframework.org/schema/beans/spring-beans-3.0.xsd
	http://www.springframework.org/schema/context
	http://www.springframework.org/schema/context/spring-context-3.0.xsd">
	<context:annotation-config/>
	<context:component-scan base-package="com.cts.insurance" />
	
	<!-- <bean id="vehicleobj" class="com.cts.insurance.interfaces.VehicleInsurance">
	</bean>
	<bean id="lifeobj" class="com.cts.insurance.interfaces.LifeInsurance">
	</bean> -->
	<bean id="customer" class="com.cts.insurance.entities.Customer" >
	<property name="name" value="Bagmane"></property>
	<property name="DOB" ref="date"></property>
	<property name="address">
	<list>
	<ref bean="tempaddress"/>
	
	<ref bean="permaddress"/>
	
	</list>
	</property>
	</bean>
	<bean id="date" class="java.util.Date">
	<constructor-arg index="0" value="90"></constructor-arg>
	<constructor-arg index="1" value="05"></constructor-arg>
	<constructor-arg index="2" value="02"></constructor-arg>
	</bean>
	<bean id="tempaddress" class="com.cts.insurance.entities.Address">
	<property name="city" value="Bangalore"></property>
	<property name="state" value="Karnataka"></property>
	</bean>
	<bean id="permaddress" class="com.cts.insurance.entities.Address">
	<property name="city" value="Chennai"></property>
	<property name="state" value="TamilNadu"></property>
	</bean>
	<bean id="card1" class="com.cts.insurance.entities.AadharCard">
	<property name="cardNo" value="347858734"></property>
	<property name="issueDate" ref="date"></property>
	</bean>
	<bean id="card2" class="com.cts.insurance.entities.AadharCard">
	<property name="cardNo" value="347558734"></property>
	<property name="issueDate" ref="date"></property>
	</bean>
	<bean id="vehicle1" class="com.cts.insurance.entities.Vehicle">
	<property name="regNo" value="3475"> </property>
	</bean>
	</beans>